case_id,argmax_foreground_mean_dice,rankseg_foreground_mean_dice,argmax_foreground_mean_iou,rankseg_foreground_mean_iou,delta_dice,delta_iou
hippocampus_001,0.9186134816130569,0.918393197018512,0.8495986371731667,0.8492280633183507,-0.00022028459454492832,-0.00037057385481609195
hippocampus_003,0.8798477517623535,0.8793332967528456,0.7855346065881829,0.7847143296002361,-0.0005144550095079747,-0.0008202769879467331
hippocampus_004,0.8979593488755446,0.8980453059482791,0.8152716226568788,0.8153984583676475,8.595707273451048e-05,0.00012683571076865796
hippocampus_006,0.9098438476944648,0.9104494953859745,0.8346418423580257,0.835660507471319,0.0006056476915097253,0.0010186651132932933
hippocampus_007,0.9182622474350158,0.9174641940702313,0.8490854004358079,0.8477139915736355,-0.0007980533647845567,-0.001371408862172463
hippocampus_008,0.910146077975164,0.9099844949369269,0.8351510685788173,0.8348915465208344,-0.00016158303823710085,-0.00025952205798285277
hippocampus_011,0.9042690259072053,0.9043867340223412,0.8263530388466311,0.8264324162027049,0.00011770811513589496,7.937735607377316e-05
hippocampus_014,0.8509147967667241,0.8507213759710974,0.7414399387461943,0.7411684969447274,-0.00019342079562667536,-0.00027144180146687624
hippocampus_015,0.8631307729703451,0.8635859654365596,0.7592425418720398,0.7599556649469084,0.0004551924662145046,0.0007131230748685935
hippocampus_017,0.9196139084861656,0.9206333120562242,0.8514707616366312,0.8532422514078077,0.0010194035700585857,0.001771489771176582
hippocampus_019,0.8680968432505394,0.8681246756469041,0.7677227852988666,0.767768128184146,2.7832396364724232e-05,4.5342885279353595e-05
hippocampus_020,0.8772962503321745,0.8771624560111484,0.7814401816702254,0.7812302717283934,-0.000133794321026115,-0.0002099099418320094
hippocampus_023,0.865986810078748,0.865501962333138,0.7638807796100817,0.7631070348914518,-0.0004848477456099731,-0.0007737447186298985
hippocampus_024,0.8586836875003026,0.8586746900601754,0.7529057094697658,0.7528985688794614,-8.997440127167522e-06,-7.140590304377525e-06
hippocampus_025,0.8839402179344459,0.8835989177921454,0.7921261765383085,0.7915824493179021,-0.00034130014230049355,-0.0005437272204064092
hippocampus_026,0.9089588755387419,0.9086246661356924,0.8332572578409536,0.8327271380421497,-0.0003342094030495124,-0.0005301197988039075
hippocampus_033,0.8856183935473693,0.8861324746838659,0.7947720825715573,0.7956033010813888,0.0005140811364966469,0.0008312185098314773
hippocampus_034,0.9119689371870349,0.9120342337024268,0.8382875792382751,0.8383783505861384,6.52965153918883e-05,9.077134786328322e-05
hippocampus_035,0.9030332943227426,0.9045091843998696,0.8237270562241359,0.8261855604755826,0.0014758900771270067,0.0024585042514466693
hippocampus_036,0.9218584671199639,0.9221161080100776,0.8552385539600256,0.855675631319846,0.0002576408901137084,0.00043707735982045914
hippocampus_037,0.8389837023820257,0.8393156586992866,0.7226368792979254,0.723124950319042,0.00033195631726090635,0.0004880710211165873
hippocampus_038,0.8449633292183534,0.84567997791682,0.7316147684372608,0.732700102642835,0.0007166486984666598,0.0010853342055742177
hippocampus_039,0.9148268346937898,0.9155280338439977,0.8431695524696934,0.8443421211026845,0.0007011991502079429,0.001172568632991089
hippocampus_040,0.9352886597516534,0.9345388350181167,0.8784597959226947,0.8771357830928529,-0.0007498247335366859,-0.0013240128298418474
hippocampus_041,0.8432857903906505,0.8443829870735118,0.7290886594466427,0.7307149758099177,0.0010971966828612345,0.0016263163632750377
hippocampus_042,0.8023015441496303,0.80281487542185,0.6715601203507321,0.6723200525117105,0.0005133312722197525,0.0007599321609783605
hippocampus_044,0.8887482733448554,0.8891710475511598,0.799965349181419,0.8006595910856238,0.00042277420630443263,0.000694241904204751
hippocampus_045,0.8664316294552761,0.866677319697454,0.7644497663386466,0.7648473788984738,0.00024569024217790947,0.00039761255982717625
hippocampus_046,0.8710697181255147,0.8713129155313352,0.7719526541965127,0.7723144116761138,0.00024319740582046112,0.00036175747960109916
hippocampus_048,0.9012014383327327,0.9011899487309323,0.8217811793469688,0.8218176094028754,-1.148960180041847e-05,3.6430055906588876e-05
hippocampus_049,0.9267351548720488,0.9262803706963791,0.8636065679468719,0.8628098947043199,-0.0004547841756696869,-0.0007966732425519485
hippocampus_050,0.922991034410306,0.9229795723487844,0.8569974906026214,0.8569770824887321,-1.1462061521694267e-05,-2.0408113889369695e-05
hippocampus_051,0.9039863577365994,0.9046362740300027,0.8248499896544589,0.8259185323486755,0.0006499162934032743,0.0010685426942166343
hippocampus_052,0.9113242028783342,0.9104710536889646,0.8370944240198955,0.8356572928902956,-0.0008531491893695176,-0.0014371311295999778
hippocampus_053,0.923288247682563,0.9229172122813848,0.857523905861183,0.8568831373949349,-0.0003710354011782213,-0.000640768466248054
hippocampus_056,0.9083613013844222,0.9084105970447591,0.8322829988026875,0.832365694480292,4.929566033695654e-05,8.269567760443852e-05
hippocampus_057,0.9180185987466998,0.9177302605617128,0.8484840265220013,0.8480001925205756,-0.0002883381849869693,-0.0004838340014257092
hippocampus_058,0.883196645879696,0.8826347981388679,0.7908422961878698,0.7899485002179667,-0.0005618477408281253,-0.0008937959699031328
hippocampus_060,0.9400458036309554,0.9405863499354672,0.8869268351135156,0.8878810319509849,0.0005405463045118353,0.0009541968374693344
hippocampus_064,0.8961089139465082,0.8961893104855161,0.8121049625761245,0.8122372944216689,8.039653900793198e-05,0.0001323318455443978
hippocampus_065,0.9441780876171433,0.9429138523521744,0.8942589183077954,0.8919936373276776,-0.0012642352649688826,-0.002265280980117801
hippocampus_067,0.9147656098848123,0.9146259744444549,0.8429396792340955,0.8427093866218787,-0.000139635440357333,-0.0002302926122168536
hippocampus_068,0.9395065656887078,0.9395502508819176,0.8862858839036858,0.8863627704050764,4.368519320974151e-05,7.688650139059394e-05
hippocampus_070,0.8662762213650752,0.8661435304144871,0.7645498986373784,0.7643594220416569,-0.0001326909505880991,-0.00019047659572157816
hippocampus_074,0.8681883084845337,0.8676307001741081,0.7670866483968323,0.7662213458972564,-0.0005576083104255058,-0.0008653024995758374
hippocampus_075,0.9037302905603366,0.9038381309970798,0.8244410117354196,0.8246304767386177,0.00010784043674316734,0.0001894650031980527
hippocampus_077,0.9244161374125273,0.9249665061147407,0.8594729403940478,0.8604302972040482,0.0005503687022134773,0.0009573568100004204
hippocampus_083,0.9224807069937719,0.9240966833132731,0.8561359089772443,0.8589232952206242,0.0016159763195011667,0.002787386243379819
hippocampus_084,0.9083288434084625,0.9081993011780156,0.8320584236440197,0.8318442061347787,-0.0001295422304469218,-0.00021421750924099925
hippocampus_087,0.9395519524105843,0.9384585145533624,0.8860520515091505,0.8841171580416258,-0.001093437857221935,-0.0019348934675246232
hippocampus_088,0.9244806123713298,0.9247837072485577,0.85967210149968,0.8602050506812411,0.0003030948772279052,0.0005329491815611043
hippocampus_089,0.8909584214235378,0.8907522562183579,0.8034250327170382,0.8030950197911308,-0.000206165205179909,-0.00033001292590739695
hippocampus_090,0.8906536931712576,0.8912012568337588,0.8028686989512348,0.8037628873972282,0.0005475636625011937,0.0008941884459934268
hippocampus_091,0.9040375503007181,0.9040097986550021,0.8252138469174228,0.8252310197479626,-2.7751645716000972e-05,1.7172830539813333e-05
hippocampus_092,0.9301125094555147,0.9305004564781307,0.869422808435594,0.8701083224704868,0.00038794702261601977,0.000685514034892698
hippocampus_093,0.874743270090999,0.8746047547201674,0.77739587412735,0.7771795006754741,-0.00013851537083153787,-0.000216373451875862
hippocampus_094,0.9105768229243434,0.9111554221118503,0.8359309796648341,0.8368938149972633,0.0005785991875069119,0.000962835332429246
hippocampus_095,0.8904078559313475,0.8903830386071002,0.8030082895110042,0.8029574064679483,-2.4817324247305983e-05,-5.088304305589375e-05
hippocampus_096,0.8996085125075273,0.9000477596167037,0.8177194584269393,0.8184311320913199,0.0004392471091764216,0.0007116736643806298
hippocampus_097,0.9184702190117819,0.9189022385364618,0.8492550915960185,0.8499898538961039,0.0004320195246798608,0.0007347623000854009
hippocampus_098,0.919577024800661,0.9200114449520249,0.851126917703346,0.8518715101323797,0.00043442015136396783,0.0007445924290336858
hippocampus_099,0.8736443852267229,0.8729189024261936,0.7777563500394474,0.7765132764349189,-0.000725482800529309,-0.0012430736045285773
hippocampus_101,0.8986257469692146,0.8979029624065062,0.8159376408364276,0.8147508145910829,-0.0007227845627083562,-0.0011868262453447187
hippocampus_102,0.8471764252451977,0.8480007551338272,0.7348929055808227,0.7361311095459324,0.0008243298886295714,0.0012382039651097632
hippocampus_104,0.858657393889523,0.8588054387795765,0.7523229655712049,0.7525497395041479,0.0001480448900534892,0.00022677393294301407
hippocampus_105,0.8894149088951694,0.8891240804831337,0.8008805810912708,0.8004139577203966,-0.0002908284120356486,-0.00046662337087421957
hippocampus_106,0.9327884378258751,0.9328065887709666,0.8740437468174609,0.8740745406824146,1.8150945091499615e-05,3.0793864953748695e-05
hippocampus_107,0.9050501311895935,0.905816574663609,0.8266494775716087,0.8279203862351967,0.0007664434740154435,0.001270908663588033
hippocampus_108,0.9086352310361141,0.9085212921394308,0.8330382253173012,0.8328218651537268,-0.0001139388966833188,-0.0002163601635744028
hippocampus_109,0.9310283969539161,0.9313533202577753,0.8710401488752456,0.8716168501439884,0.00032492330385913704,0.0005767012687427631
hippocampus_114,0.8716512993003187,0.8720754366160204,0.7725562579701035,0.7732267918771729,0.0004241373157016781,0.0006705339070693928
hippocampus_123,0.9040290735513081,0.9041429787590815,0.8250532972993343,0.8252330650997853,0.0001139052077733238,0.00017976780045103613
hippocampus_124,0.918449356993558,0.9183583115976113,0.8492329359280681,0.8490698496043663,-9.104539594673167e-05,-0.0001630863237018776
hippocampus_125,0.8932154628129507,0.8915591556572441,0.8077396328739717,0.8049714560423051,-0.0016563071557066378,-0.0027681768316665245
hippocampus_126,0.9133708915173684,0.9133823293894932,0.840698505786387,0.8407121058352516,1.1437872124764326e-05,1.3600048864526038e-05
hippocampus_127,0.9154342536760817,0.9158780107207742,0.8442487300148225,0.8449934470454307,0.00044375704469257204,0.0007447170306081885
hippocampus_130,0.9250630367692791,0.9248832650544029,0.860754861443757,0.860485813602476,-0.00017977171487626453,-0.00026904784128101156
hippocampus_132,0.907339614061015,0.907194189039721,0.8304014273296372,0.8301631669744571,-0.00014542502129399892,-0.00023826035518004218
hippocampus_133,0.940914766644407,0.9405649870687258,0.8884755075996298,0.8878544897720687,-0.0003497795756811639,-0.0006210178275610767
hippocampus_135,0.913953909209496,0.9133909348724101,0.8415531874051108,0.8405996461610401,-0.0005629743370859641,-0.0009535412440706548
hippocampus_136,0.9472198229094146,0.9482040204354192,0.8997332780477351,0.9015154619016137,0.0009841975260045377,0.0017821838538786272
hippocampus_138,0.89568345323741,0.8953505583312775,0.8110762493054875,0.8105292386835286,-0.00033289490613253037,-0.0005470106219589432
hippocampus_141,0.9125292380383823,0.911990805729666,0.8395040214303962,0.8385814643481613,-0.0005384323087163079,-0.0009225570822348761
hippocampus_142,0.9261350117130055,0.9264799582462928,0.8626927238452186,0.8632774236294101,0.00034494653328731584,0.0005846997841915114
hippocampus_143,0.9327451466572627,0.9329947571934359,0.8739670231761825,0.8744057750945984,0.00024961053617322815,0.0004387519184159139
hippocampus_144,0.9054446340665343,0.906332244289803,0.8273636273636273,0.8288339776566923,0.0008876102232686645,0.0014703502930649703
hippocampus_145,0.9176158696035808,0.9170144126664194,0.8485464956983944,0.8474979773905058,-0.0006014569371614042,-0.0010485183078885463
hippocampus_146,0.9240005078350417,0.9233887834775393,0.8589731163397345,0.8579529704773716,-0.0006117243575024522,-0.0010201458623628756
hippocampus_148,0.9168157685230192,0.9162605719747723,0.8473916819946863,0.8464670332167037,-0.0005551965482468724,-0.0009246487779825951
hippocampus_149,0.9189362836874276,0.9193253830730005,0.8502333064539223,0.8508858862360116,0.0003890993855728553,0.0006525797820893242
hippocampus_150,0.9070350999183723,0.9071158929220089,0.8301761078595318,0.8303214900498161,8.079300363661446e-05,0.00014538219028437105
hippocampus_152,0.9157198570678068,0.916089916634828,0.8445944533727359,0.8452145663753754,0.0003700595670211859,0.000620113002639533
hippocampus_154,0.9068762163118476,0.906052825926571,0.8297500592276712,0.8283884236860928,-0.0008233903852765678,-0.001361635541578421
hippocampus_155,0.884716583762541,0.884003387371163,0.7936018382755445,0.792479016405413,-0.0007131963913780126,-0.001122821870131574
hippocampus_156,0.8840188232015295,0.8842023244138824,0.7922902176324398,0.7925903793275841,0.00018350121235288785,0.000300161695144352
hippocampus_157,0.919543289779878,0.9192457974808477,0.8512914812460266,0.8507948679761841,-0.0002974922990303108,-0.0004966132698425163
hippocampus_158,0.8969965811388447,0.8966524517237389,0.8135124788289909,0.8129409362928128,-0.0003441294151058649,-0.0005715425361780824
hippocampus_160,0.8836308866660583,0.8837056975664743,0.7918645027992535,0.7919978684223132,7.481090041605576e-05,0.00013336562305976685
hippocampus_161,0.907704137023668,0.9075042957317182,0.8310249245300713,0.8306873506571086,-0.00019984129194983158,-0.00033757387296262653
hippocampus_162,0.9401565768494415,0.9403313189678271,0.8871476023181593,0.8874763152768678,0.0001747421183855291,0.00032871295870851025
hippocampus_163,0.8684186250933745,0.8689038199079142,0.7674381637339651,0.7681965129092174,0.00048519481453968005,0.0007583491752523042
hippocampus_164,0.8255307513306623,0.82526984022146,0.7029443018001427,0.7025628626600614,-0.00026091110920234417,-0.00038143914008126334
hippocampus_165,0.9174710008031199,0.9175571424848185,0.8476446463972349,0.8477666058637718,8.6141681698515e-05,0.00012195946653692502
hippocampus_166,0.8892751591309352,0.8890687594706017,0.8006580054997474,0.8003329230991032,-0.00020639966033353385,-0.00032508240064421656
hippocampus_169,0.9219029112058029,0.9220927153456415,0.8553974318472009,0.8557024315729587,0.00018980413983860078,0.0003049997257578152
hippocampus_170,0.8798995312474418,0.8795599068384692,0.7855579746613072,0.7850194730591277,-0.00033962440897261637,-0.0005385016021794975
hippocampus_171,0.917275699988892,0.9177546546425688,0.8475456658054967,0.8483963592881469,0.00047895465367675527,0.000850693482650211
hippocampus_172,0.9179767272473192,0.9173038444092896,0.8485290161262244,0.847394523339363,-0.0006728828380295759,-0.0011344927868613963
hippocampus_173,0.8443936561287054,0.8457854988589621,0.7308752434064709,0.7329642168272631,0.0013918427302567205,0.002088973420792173
hippocampus_174,0.9148670857180622,0.9151499188823082,0.8433321366081294,0.8438507944639084,0.00028283316424604354,0.0005186578557789812
hippocampus_175,0.9407849283907441,0.9410580623624167,0.8884075964140664,0.8888982980943674,0.0002731339716726122,0.0004907016803009645
hippocampus_176,0.9033730015626877,0.9032643554581591,0.8245096156922977,0.8243388486309338,-0.00010864610452865353,-0.00017076706136398556
hippocampus_177,0.8747854828044556,0.8757299013855533,0.7774990269060478,0.77899793767476,0.0009444185810977279,0.001498910768712225
hippocampus_178,0.9392213111107156,0.9394829527411299,0.8854932175542862,0.8859625479701718,0.000261641630414311,0.00046933041588559377
hippocampus_180,0.8899630251596147,0.8891132204439056,0.80294044436521,0.801525304621717,-0.0008498047157090571,-0.0014151397434929436
hippocampus_181,0.9236296793138858,0.9242270980853622,0.8582054867508999,0.8592370622621601,0.0005974187714763435,0.0010315755112602076
hippocampus_184,0.9325011291893075,0.9325451740734388,0.8735654057382701,0.873638681733937,4.404488413134455e-05,7.327599566686605e-05
hippocampus_185,0.9171543036790306,0.9172716752014095,0.8479445836510876,0.848140747352619,0.00011737152237889514,0.0001961637015314155
hippocampus_188,0.8593669226583034,0.8594468303633873,0.7540124284692418,0.7541082301429842,7.990770508392586e-05,9.580167374245718e-05
hippocampus_189,0.9213452891271406,0.9222330491966109,0.8545883624349107,0.8561612039062539,0.0008877600694702226,0.0015728414713432892
hippocampus_190,0.924159110851126,0.9241175452700496,0.8594465745327848,0.8593500169437325,-4.156558107637487e-05,-9.655758905235956e-05
hippocampus_193,0.9320250241118311,0.9320750768365518,0.8727868586764291,0.8728745261121489,5.0052724720694997e-05,8.766743571975155e-05
hippocampus_194,0.925056216141518,0.924579555142215,0.8605630753117006,0.859738736738942,-0.00047666099930299133,-0.0008243385727586539
hippocampus_195,0.9093737243496851,0.9103045653210198,0.8338127374616486,0.8353824872310788,0.0009308409713346677,0.0015697497694301399
hippocampus_197,0.9377916559476194,0.9378116880009593,0.8828699505258844,0.8829054398379595,2.003205333989122e-05,3.5489312075198676e-05
hippocampus_199,0.9034424853064651,0.9039984168854326,0.8246128941441442,0.8254858371386151,0.0005559315789674946,0.0008729429944709377
hippocampus_203,0.9315466807574069,0.9312346691691638,0.872073060355447,0.8715409260523793,-0.0003120115882431218,-0.000532134303067644
hippocampus_204,0.9433932401536758,0.9430410732623778,0.8928597818775723,0.8922321779971194,-0.00035216689129791146,-0.0006276038804529094
hippocampus_205,0.8731930816671962,0.8731359251216047,0.7750800128151271,0.775010916027493,-5.715654559157457e-05,-6.909678763411531e-05
hippocampus_207,0.9255544683626875,0.9257588960836749,0.8615525888253162,0.8619028966085971,0.00020442772098738793,0.00035030778328093426
hippocampus_210,0.9288432311720052,0.9286690532086617,0.8677963762544114,0.867485269594219,-0.00017417796334351365,-0.0003111066601924062
hippocampus_212,0.8936949068004016,0.8935711880580215,0.8079226002548513,0.807726183062389,-0.00012371874238015224,-0.00019641719246232814
hippocampus_215,0.9091410053282903,0.9091831882750654,0.8340098690051463,0.834063948991044,4.218294677504897e-05,5.407998589768148e-05
hippocampus_216,0.9357747208430223,0.935743114245916,0.880145308712426,0.8800744748761284,-3.160659710621516e-05,-7.083383629757911e-05
hippocampus_217,0.866015762546863,0.8671563777085869,0.7637055530946724,0.7654762599798579,0.0011406151617239235,0.0017707068851855468
hippocampus_219,0.9366825913188959,0.9368804874953964,0.8809340292209671,0.8812862109937716,0.00019789617650056712,0.00035218177280449403
hippocampus_220,0.8920291527661848,0.8915194444509563,0.8069664578764679,0.8061917957124319,-0.0005097083152284521,-0.0007746621640359885
hippocampus_221,0.8513475119733744,0.8515825478126269,0.7421052631578947,0.7424591546177484,0.00023503583925243987,0.0003538914598536502
hippocampus_222,0.7977542175459296,0.7966572203664735,0.6643001941806679,0.6625713613734106,-0.001096997179456105,-0.00172883280725733
hippocampus_223,0.8347492199231823,0.8345399506801806,0.7163727382065276,0.7160648368830582,-0.00020926924300168626,-0.0003079013234693617
hippocampus_224,0.9116567131567896,0.9120247834917696,0.8377120890930672,0.8383366231623605,0.0003680703349799863,0.0006245340692933032
hippocampus_225,0.9001692456479691,0.9001016948514908,0.8189160263259986,0.8187867103562085,-6.755079647824402e-05,-0.00012931596979004478
hippocampus_226,0.8666047002451048,0.8668739291970662,0.7646399150223907,0.765052989607697,0.0002692289519613533,0.0004130745853062612
hippocampus_227,0.9109936196143094,0.911370269773216,0.836537182788679,0.8371719645420379,0.000376650158906644,0.0006347817533589595
hippocampus_228,0.8522564781991144,0.8529742626201839,0.7471837542368754,0.7482574545785614,0.0007177844210695117,0.001073700341685968
hippocampus_229,0.9264123286585848,0.9266024035955043,0.8630002694869299,0.8633186742936246,0.00019007493691947097,0.0003184048066947609
hippocampus_230,0.924920403692935,0.9254787152859179,0.8603417358863903,0.8613096296072628,0.0005583115929828075,0.0009678937208724703
hippocampus_231,0.8794537335339436,0.8794957036672931,0.7848500576571128,0.784917166195328,4.1970133349500394e-05,6.710853821523255e-05
hippocampus_232,0.914770742320675,0.9140388779080937,0.842934030675792,0.8416896331990921,-0.000731864412581329,-0.00124439747669991
hippocampus_233,0.8510790869077407,0.8509062688278048,0.7407680404916848,0.7405066798271817,-0.00017281807993585474,-0.00026136066450310746
hippocampus_234,0.8700981472247027,0.87017170447403,0.7700765686768467,0.7701874155789086,7.355724932733843e-05,0.00011084690206186743
hippocampus_235,0.8376497003985897,0.837323995941699,0.7207588924578019,0.7202646397633327,-0.00032570445689061867,-0.0004942526944692327
hippocampus_236,0.8784796239745942,0.8790290446687223,0.7836245803361929,0.7845073170107708,0.000549420694128111,0.0008827366745779441
hippocampus_238,0.9241998920166978,0.9245396839750151,0.8591197520984021,0.8597175344967369,0.0003397919583172371,0.0005977823983348562
hippocampus_242,0.938625565592794,0.939346605766884,0.8845987106170882,0.8858846467917842,0.0007210401740900263,0.0012859361746960785
hippocampus_243,0.8477851128970532,0.8474672374220974,0.7358706776020871,0.7354006473624801,-0.0003178754749557644,-0.00047003023960701107
hippocampus_244,0.8549918831168831,0.8551792853204823,0.7467766782745836,0.747050726191828,0.00018740220359914073,0.00027404791724439104
hippocampus_245,0.7931799388161578,0.7934176395151689,0.6575997763590447,0.6579028111280893,0.0002377006990110786,0.0003030347690446966
hippocampus_248,0.8537309505044389,0.8536057153923228,0.7451394981756092,0.7449679301427437,-0.00012523511211615102,-0.00017156803286555444
hippocampus_249,0.9081125555372717,0.9085558533232951,0.8317689929328622,0.8325186634775676,0.0004432977860234777,0.0007496705447054275
hippocampus_250,0.8995768095515406,0.900231318101581,0.8178520002885181,0.8189333626944508,0.0006545085500403447,0.0010813624059327065
hippocampus_251,0.8901243714447558,0.889999747437114,0.8024262133449904,0.8022590807251001,-0.0001246240076417937,-0.00016713261989032002
hippocampus_252,0.9175479987464448,0.9186766105499016,0.8480181548003618,0.8499313944416045,0.0011286118034568027,0.001913239641242681
hippocampus_253,0.8754350067188847,0.875523265371146,0.778626454703893,0.7787487199251906,8.825865226125273e-05,0.00012226522129754613
hippocampus_257,0.8269574674663114,0.8265741678862246,0.7049691814532569,0.7044115142224493,-0.00038329958008676,-0.0005576672308076347
hippocampus_259,0.9050101976727299,0.9042928543715909,0.826574485738439,0.8253870486966572,-0.0007173433011390395,-0.0011874370417817026
hippocampus_260,0.9149611832295232,0.9150847544319116,0.8432682410332186,0.8434721444775064,0.00012357120238837282,0.0002039034442877785
hippocampus_261,0.8605861150740046,0.8605364900015917,0.7553303014293136,0.7552484963428374,-4.962507241290659e-05,-8.180508647614992e-05
hippocampus_263,0.9122419525847619,0.9132306214992566,0.8386547880738577,0.8403334123605088,0.0009886689144946725,0.0016786242866511092
hippocampus_264,0.9203265430403355,0.9196861137444805,0.852452533321159,0.8513659370958896,-0.0006404292958549496,-0.0010865962252694095
hippocampus_265,0.9075224500680255,0.9070045717091916,0.8308407756626934,0.8299810100013048,-0.0005178783588338787,-0.0008597656613886784
hippocampus_268,0.8654615532921754,0.8649908223413263,0.7628403258488219,0.7621094389413148,-0.00047073095084915195,-0.0007308869075071112
hippocampus_269,0.8732933603569004,0.8725752310827173,0.7752415729289086,0.7741119503324183,-0.0007181292741831324,-0.0011296225964902984
hippocampus_274,0.8652711657119957,0.8659933142534713,0.7625835270581518,0.7636975457975452,0.0007221485414755646,0.0011140187393934298
hippocampus_276,0.9001833105977856,0.9000943037330347,0.8185930841685207,0.8184568366036231,-8.90068647508846e-05,-0.00013624756489760692
hippocampus_277,0.8957431345703986,0.8960960269626914,0.8111890317501331,0.8117639768825264,0.0003528923922928584,0.0005749451323933119
hippocampus_279,0.8273560375443937,0.826769001583604,0.7057426199261992,0.7049004432646848,-0.0005870359607896836,-0.0008421766615144266
hippocampus_280,0.8289540294062907,0.8310576569546667,0.7080517661366508,0.7110881132756133,0.002103627548376008,0.003036347138962503
hippocampus_282,0.8008581745527705,0.801243051313919,0.6678597785822865,0.668394947379725,0.00038487676114851155,0.0005351687974385344
hippocampus_286,0.9117882849556064,0.9113724469346842,0.8379301558941581,0.8372358231640299,-0.0004158380209221546,-0.0006943327301281998
hippocampus_287,0.9124895727793574,0.9129608856247833,0.8392654235935968,0.8400593396400231,0.00047131284542589746,0.0007939160464263129
hippocampus_288,0.9111992510550381,0.9112263736802464,0.8370028145342862,0.8370501860893783,2.7122625208320095e-05,4.737155509215718e-05
hippocampus_289,0.8815571764130645,0.8813756411710407,0.7886500454665792,0.7883556110458284,-0.00018153524202380034,-0.00029443442075083315
hippocampus_290,0.8634501897453901,0.8641624194738995,0.7601750207125103,0.7612881638658202,0.0007122297285093726,0.0011131431533099034
hippocampus_292,0.8866204624266352,0.8859444891041607,0.7963363811399338,0.7952502216286954,-0.0006759733224744879,-0.0010861595112383604
hippocampus_294,0.8783696827137557,0.8782163347892109,0.7833436787453251,0.7830982949648321,-0.00015334792454479995,-0.0002453837804929915
hippocampus_295,0.8744808239183905,0.874933431456605,0.7771368256809159,0.7778260889490773,0.00045260753821441124,0.000689263268161433
hippocampus_296,0.8398079424278604,0.8400478272796834,0.7240775317031314,0.7244356757631094,0.00023988485182302455,0.00035814405997802723
hippocampus_297,0.8765908263994747,0.8765397184514832,0.7803908884705695,0.7803062367733101,-5.1107947991568814e-05,-8.465169725935251e-05
hippocampus_298,0.8577380208137337,0.8570404294835094,0.7511026086697608,0.7500663570006636,-0.0006975913302242898,-0.0010362516690971546
hippocampus_299,0.8519558769002595,0.8523914456739774,0.7420934772945935,0.7427546536296143,0.00043556877371786484,0.00066117633502083
hippocampus_300,0.8739628117837964,0.8746140081532618,0.7765757740716914,0.7776053251655866,0.0006511963694654233,0.0010295510938951313
hippocampus_301,0.884256377356573,0.8843253515049998,0.7926138538078837,0.7927231482897488,6.89741484267703e-05,0.00010929448186502988
hippocampus_302,0.8906511861250637,0.89095120906229,0.8033958516508412,0.8038963518514892,0.00030002293722630746,0.0005005002006480685
hippocampus_303,0.8918299829082388,0.8916656577539012,0.8056492063063732,0.8053963893249607,-0.00016432515433761896,-0.00025281698141244036
hippocampus_304,0.8797878137849178,0.880180051494498,0.7862975616240357,0.7869390723105536,0.0003922377095801899,0.0006415106865178544
hippocampus_305,0.8342041918427321,0.8360005042616481,0.7157849177708075,0.718393582823747,0.0017963124189159796,0.0026086650529394406
hippocampus_308,0.9408158279920651,0.940882641763743,0.8884178095751349,0.8885267384320602,6.681377167794267e-05,0.00010892885692526111
hippocampus_309,0.8590668699897512,0.8592944607246555,0.75307188811478,0.753427583718675,0.00022759073490430382,0.0003556956038950343
hippocampus_310,0.8151860267334626,0.8146547046561462,0.689531186704391,0.6887991987889529,-0.0005313220773164318,-0.0007319879154380482
hippocampus_311,0.9105944849178251,0.9109590467420325,0.8360747963906462,0.8366900232884691,0.00036456182420741,0.0006152268978228959
hippocampus_314,0.8571109148974492,0.8566004789266579,0.7501291555113079,0.7493713751701985,-0.0005104359707912565,-0.0007577803411094042
hippocampus_316,0.8644097242821338,0.864104103823802,0.7613528227442252,0.7608899768080292,-0.0003056204583318234,-0.00046284593619605463
hippocampus_317,0.8408796429023315,0.8408955377612977,0.7254511016775168,0.7254739404462578,1.5894858966136738e-05,2.2838768740984783e-05
hippocampus_318,0.8165874181668132,0.8163270157072091,0.6900484158634881,0.6896779837932472,-0.00026040245960412545,-0.0003704320702409003
hippocampus_319,0.8567899476174651,0.8571398361789911,0.7497519673061905,0.7503255608008361,0.0003498885615260683,0.0005735934946455856
hippocampus_320,0.836070220591432,0.834911438503559,0.7183700295760762,0.7166585365853658,-0.0011587820878730115,-0.0017114929907103837
hippocampus_321,0.8458057233242269,0.8453255050743484,0.7328590245792261,0.7321277121754746,-0.000480218249878428,-0.0007313124037515717
hippocampus_322,0.8384384354248116,0.8396197603980222,0.7218512203696198,0.7236060867068619,0.0011813249732106623,0.0017548663372420892
hippocampus_325,0.8732212413210504,0.8733489004356585,0.7749799807264908,0.7751847490853303,0.00012765911460810297,0.00020476835883953548
hippocampus_326,0.867563475240529,0.8676714002463903,0.7661974323044192,0.7663646711762356,0.00010792500586132014,0.00016723887181646635
hippocampus_327,0.9280010892268752,0.9282893318978075,0.8657169061731399,0.8662395151252773,0.0002882426709323038,0.0005226089521374044
hippocampus_328,0.9140023555284966,0.9140417659133646,0.8416859518888073,0.8417409252695075,3.941038486798831e-05,5.4973380700151786e-05
hippocampus_329,0.7957045617481925,0.7958956682967122,0.6608392416300819,0.6611123244794262,0.00019110654851972608,0.0002730828493443527
hippocampus_330,0.7768045698459408,0.7769999147237904,0.6369757372288868,0.6372809489869466,0.000195344877849557,0.00030521175805986456
hippocampus_331,0.882504193300653,0.8826559691934723,0.7897282659245335,0.7899751446081933,0.00015177589281933912,0.00024687868365980137
hippocampus_332,0.8964936467132522,0.8960643929955077,0.8126942850310857,0.8119833105597726,-0.0004292537177444933,-0.000710974471313075
hippocampus_333,0.83943505165316,0.83805838540012,0.723356401384083,0.7212987571499749,-0.0013766662530400042,-0.002057644234108036
hippocampus_334,0.8450484420005238,0.8446116007378561,0.7318860107396042,0.7312020146182667,-0.000436841262667631,-0.0006839961213375156
hippocampus_335,0.825111436308893,0.8254204150944451,0.7024544213707712,0.7029296954088615,0.0003089787855520276,0.0004752740380903342
hippocampus_336,0.8697676528139537,0.8684489520972014,0.7697060327405832,0.7676552945754812,-0.0013187007167523301,-0.0020507381651020395
hippocampus_337,0.864686768124584,0.8640783091997051,0.761628374754157,0.7606847734581013,-0.0006084589248789296,-0.0009436012960557516
hippocampus_338,0.8620452932407261,0.862021381512844,0.7580717757188346,0.7580571476879261,-2.3911727882075517e-05,-1.4628030908458989e-05
hippocampus_340,0.8686581948517432,0.8696457876265357,0.7688454704031562,0.7703536292373253,0.000987592774792434,0.0015081588341691043
hippocampus_341,0.8829441960589501,0.8832313993514376,0.7905157034574584,0.7909969829742061,0.0002872032924874368,0.0004812795167477013
hippocampus_343,0.8370740036774956,0.8371552593701457,0.7201390348961956,0.7202406989916664,8.125569265005073e-05,0.00010166409547085475
hippocampus_345,0.8789310783878133,0.8787068740452225,0.7843781712273716,0.7839735201563252,-0.00022420434259073918,-0.0004046510710464801
hippocampus_349,0.8177565623460505,0.8172141336495735,0.6918259314417634,0.6910810804315382,-0.0005424286964770264,-0.0007448510102252559
hippocampus_350,0.851647729381154,0.8513521939053854,0.7417293332007883,0.7412956981527159,-0.0002955354757685491,-0.0004336350480723672
hippocampus_351,0.8763916151721489,0.8762113221003833,0.7800066031805925,0.7797272509589364,-0.0001802930717655915,-0.00027935222165609286
hippocampus_352,0.9333024608891949,0.9334511075690954,0.8750249320155681,0.8752733970876332,0.0001486466799005548,0.00024846507206510715
hippocampus_353,0.8641721298422718,0.8646883630191575,0.7608897977986951,0.7616830546985782,0.0005162331768857609,0.0007932568998830769
hippocampus_354,0.8790126010584199,0.8792866714544759,0.7844880576044959,0.7849466763762578,0.00027407039605598094,0.00045861877176189836
hippocampus_355,0.8789008675006418,0.8789580811138014,0.7841811298121978,0.7842618931202836,5.721361315957907e-05,8.076330808581833e-05
hippocampus_356,0.8995974985809557,0.8998794704286679,0.8175329989142657,0.8179949360983844,0.0002819718477121702,0.0004619371841186881
hippocampus_358,0.7924099935747424,0.7915927262570344,0.6561981837024108,0.6550794458293059,-0.000817267317708037,-0.0011187378731049025
hippocampus_359,0.8432325205120104,0.8427192640161782,0.7290528280070292,0.728283675238921,-0.0005132564958321151,-0.0007691527681081833
hippocampus_360,0.855589014130715,0.8555492364914798,0.7476465946524332,0.7475874239539311,-3.977763923512789e-05,-5.9170698502142294e-05
hippocampus_361,0.8176117717390217,0.8176248088789952,0.6922347518682597,0.6922790718717761,1.3037139973581802e-05,4.432000351639598e-05
hippocampus_363,0.9000352305101766,0.8996395308518579,0.8183454886969792,0.8176787486672824,-0.00039569965831875997,-0.0006667400296967996
hippocampus_366,0.9050204027804962,0.9058664236256819,0.8268797813646687,0.8282851523767263,0.0008460208451857021,0.0014053710120576213
hippocampus_367,0.8751116401705846,0.8744127258085628,0.7781826789387041,0.7770832961195772,-0.0006989143620218519,-0.001099382819126915
hippocampus_368,0.8687838742592924,0.8680550518764871,0.7703223877622203,0.7692625670519273,-0.0007288223828052498,-0.0010598207102929802
hippocampus_370,0.870895220067931,0.8706943407021279,0.7717273541107155,0.7713985860580135,-0.00020087936580304167,-0.0003287680527019887
hippocampus_372,0.9237129758071414,0.9232322013844152,0.8585059872226682,0.8576992051719176,-0.0004807744227262045,-0.0008067820507506873
hippocampus_373,0.9284209370251908,0.928606482054305,0.8665579290948763,0.8668940720986293,0.0001855450291141647,0.0003361430037530644
hippocampus_374,0.9043936008405423,0.9050594436811192,0.8254821778363728,0.8265865647999643,0.0006658428405769135,0.0011043869635914971
hippocampus_375,0.8861674525895722,0.8844352236941193,0.7957863288781002,0.7930205369346756,-0.0017322288954528808,-0.0027657919434246336
hippocampus_376,0.8381575109070918,0.8389365325074929,0.7214179698167872,0.722579956184759,0.0007790216004011086,0.0011619863679718234
hippocampus_378,0.8627249791233587,0.8625309702347848,0.7588341164509659,0.758510662329448,-0.00019400888857390441,-0.00032345412151790764
hippocampus_380,0.9120089285714286,0.9117695138432205,0.8383495511805084,0.837945380435928,-0.00023941472820809828,-0.0004041707445803233
hippocampus_381,0.9236523611074117,0.9230339089740831,0.8583207910029684,0.857276903633579,-0.000618452133328562,-0.001043887369389429
hippocampus_383,0.887278641385443,0.8876903397385607,0.7976237236293091,0.7982765370687025,0.00041169835311771763,0.0006528134393933849
hippocampus_385,0.864362668322824,0.8653002435321178,0.7611314441838889,0.762586633258765,0.0009375752092937173,0.0014551890748760732
hippocampus_386,0.9080342938229236,0.9080041122227847,0.8318808936541495,0.8318445394589761,-3.0181600138901032e-05,-3.635419517344918e-05
hippocampus_387,0.8528747939487258,0.8529277602028449,0.7434991508965441,0.7435792932464498,5.2966254119102274e-05,8.014234990572078e-05
hippocampus_389,0.8923564231127206,0.8930115286230864,0.8057530363854193,0.806812948665854,0.0006551055103658499,0.0010599122804346717
hippocampus_390,0.9109167752978998,0.9106237357170193,0.836428909715377,0.8359434611475349,-0.0002930395808805608,-0.0004854485678420506
hippocampus_393,0.8892045010725423,0.8896551455526471,0.8005116419047211,0.8012444337301614,0.0004506444801047893,0.0007327918254402821
hippocampus_394,0.8982952945063558,0.8983766421919459,0.8155654605900811,0.8156891202894481,8.134768559009409e-05,0.00012365969936700694
